{"cameraMode":{"drawMode":0,"name":"Shaded","section":"Shading Mode"},"sceneLighting":false,"audioPlay":false,"sceneViewState":{"m_AlwaysRefresh":false,"showFog":true,"showSkybox":false,"showFlares":true,"showImageEffects":true,"showParticleSystems":true,"showVisualEffectGraphs":true,"m_FxEnabled":true},"in2DMode":false,"pivot":{"x":0.002925090491771698,"y":-2.8138952255249025,"z":2.9129326343536379},"rotation":{"x":-0.4009441137313843,"y":-0.031597502529621127,"z":0.013827863149344921,"w":-0.9154770970344544},"size":4.983665943145752,"orthographic":false}