{"cameraMode":{"drawMode":0,"name":"Shaded","section":"Shading Mode"},"sceneLighting":false,"audioPlay":false,"sceneViewState":{"m_AlwaysRefresh":false,"showFog":true,"showSkybox":false,"showFlares":true,"showImageEffects":true,"showParticleSystems":true,"showVisualEffectGraphs":true,"m_FxEnabled":true},"in2DMode":false,"pivot":{"x":-0.10244818031787873,"y":1.1111905574798585,"z":1.1513454914093018},"rotation":{"x":-0.10179946571588516,"y":-0.07900024205446243,"z":0.008106561377644539,"w":-0.9916521906852722},"size":3.807591438293457,"orthographic":false}